{
	"Version": 3,
	"Meta": {
		"Duration": 4.467,
		"Fps": 30.0,
		"Loop": true,
		"AreBeziersRestricted": false,
		"CurveCount": 31,
		"TotalSegmentCount": 106,
		"TotalPointCount": 287,
		"UserDataCount": 0,
		"TotalUserDataSize": 0
	},
	"Curves": [
		{
			"Target": "Parameter",
			"Id": "ParamAngleX",
			"Segments": [
				0,
				1,
				1,
				0.211,
				1,
				0.422,
				0,
				0.633,
				0,
				1,
				0.911,
				0,
				1.189,
				5,
				1.467,
				5,
				1,
				1.689,
				5,
				1.911,
				-16,
				2.133,
				-16,
				1,
				2.356,
				-16,
				2.578,
				13.871,
				2.8,
				13.871,
				1,
				2.956,
				13.871,
				3.111,
				0,
				3.267,
				0,
				0,
				4.467,
				0
			]
		},
		{
			"Target": "Parameter",
			"Id": "ParamAngleY",
			"Segments": [
				0,
				0,
				1,
				0.211,
				0,
				0.422,
				0,
				0.633,
				0,
				1,
				0.911,
				0,
				1.189,
				-25,
				1.467,
				-25,
				1,
				1.689,
				-25,
				1.911,
				-15.225,
				2.133,
				-11,
				1,
				2.356,
				-6.775,
				2.578,
				-5.127,
				2.8,
				-2.5,
				1,
				2.956,
				-0.661,
				3.111,
				0,
				3.267,
				0,
				0,
				4.467,
				0
			]
		},
		{
			"Target": "Parameter",
			"Id": "ParamAngleZ",
			"Segments": [
				0,
				0,
				1,
				0.222,
				0,
				0.444,
				0,
				0.667,
				0,
				1,
				0.756,
				0,
				0.844,
				-4,
				0.933,
				-4,
				1,
				1.122,
				-4,
				1.311,
				18,
				1.5,
				18,
				1,
				1.722,
				18,
				1.944,
				-14,
				2.167,
				-14,
				1,
				2.567,
				-14,
				2.967,
				-14,
				3.367,
				-14,
				1,
				3.511,
				-14,
				3.656,
				-12,
				3.8,
				-12,
				0,
				4.467,
				-12
			]
		},
		{
			"Target": "Parameter",
			"Id": "ParamCheek",
			"Segments": [
				0,
				1,
				0,
				4.467,
				1
			]
		},
		{
			"Target": "Parameter",
			"Id": "ParamEyeLOpen",
			"Segments": [
				0,
				1.2,
				1,
				0.389,
				1.2,
				0.778,
				1.148,
				1.167,
				1,
				1,
				1.211,
				0.983,
				1.256,
				0,
				1.3,
				0,
				1,
				1.322,
				0,
				1.344,
				0,
				1.367,
				0,
				1,
				1.422,
				0,
				1.478,
				1,
				1.533,
				1,
				1,
				1.944,
				1,
				2.356,
				1,
				2.767,
				1,
				1,
				2.811,
				1,
				2.856,
				0,
				2.9,
				0,
				1,
				2.922,
				0,
				2.944,
				0,
				2.967,
				0,
				1,
				3.022,
				0,
				3.078,
				1,
				3.133,
				1,
				0,
				4.467,
				1
			]
		},
		{
			"Target": "Parameter",
			"Id": "ParamEyeLSmile",
			"Segments": [
				0,
				0,
				0,
				4.467,
				0
			]
		},
		{
			"Target": "Parameter",
			"Id": "ParamEyeROpen",
			"Segments": [
				0,
				1.2,
				1,
				0.389,
				1.2,
				0.778,
				1.148,
				1.167,
				1,
				1,
				1.211,
				0.983,
				1.256,
				0,
				1.3,
				0,
				1,
				1.322,
				0,
				1.344,
				0,
				1.367,
				0,
				1,
				1.422,
				0,
				1.478,
				1,
				1.533,
				1,
				1,
				1.944,
				1,
				2.356,
				1,
				2.767,
				1,
				1,
				2.811,
				1,
				2.856,
				0,
				2.9,
				0,
				1,
				2.922,
				0,
				2.944,
				0,
				2.967,
				0,
				1,
				3.022,
				0,
				3.078,
				1,
				3.133,
				1,
				0,
				4.467,
				1
			]
		},
		{
			"Target": "Parameter",
			"Id": "ParamEyeRSmile",
			"Segments": [
				0,
				0,
				0,
				4.467,
				0
			]
		},
		{
			"Target": "Parameter",
			"Id": "ParamEyeBallX",
			"Segments": [
				0,
				0,
				1,
				0.211,
				0,
				0.422,
				0,
				0.633,
				0,
				1,
				0.911,
				0,
				1.189,
				-0.44,
				1.467,
				-0.44,
				1,
				1.689,
				-0.44,
				1.911,
				0.79,
				2.133,
				0.79,
				1,
				2.511,
				0.79,
				2.889,
				0,
				3.267,
				0,
				0,
				4.467,
				0
			]
		},
		{
			"Target": "Parameter",
			"Id": "ParamEyeBallY",
			"Segments": [
				0,
				0,
				1,
				0.211,
				0,
				0.422,
				0,
				0.633,
				0,
				1,
				0.911,
				0,
				1.189,
				-1,
				1.467,
				-1,
				1,
				1.689,
				-1,
				1.911,
				-1,
				2.133,
				-1,
				1,
				2.511,
				-1,
				2.889,
				0,
				3.267,
				0,
				0,
				4.467,
				0
			]
		},
		{
			"Target": "Parameter",
			"Id": "ParamBrowLY",
			"Segments": [
				0,
				1,
				1,
				0.544,
				1,
				1.089,
				1,
				1.633,
				1,
				1,
				1.856,
				1,
				2.078,
				0,
				2.3,
				0,
				1,
				2.5,
				0,
				2.7,
				1,
				2.9,
				1,
				0,
				4.467,
				1
			]
		},
		{
			"Target": "Parameter",
			"Id": "ParamBrowRY",
			"Segments": [
				0,
				1,
				1,
				0.544,
				1,
				1.089,
				1,
				1.633,
				1,
				1,
				1.856,
				1,
				2.078,
				0,
				2.3,
				0,
				1,
				2.5,
				0,
				2.7,
				1,
				2.9,
				1,
				0,
				4.467,
				1
			]
		},
		{
			"Target": "Parameter",
			"Id": "ParamBrowLX",
			"Segments": [
				0,
				0,
				0,
				4.467,
				0
			]
		},
		{
			"Target": "Parameter",
			"Id": "ParamBrowRX",
			"Segments": [
				0,
				0,
				0,
				4.467,
				0
			]
		},
		{
			"Target": "Parameter",
			"Id": "ParamBrowLAngle",
			"Segments": [
				0,
				0,
				0,
				4.467,
				0
			]
		},
		{
			"Target": "Parameter",
			"Id": "ParamBrowRAngle",
			"Segments": [
				0,
				0,
				0,
				4.467,
				0
			]
		},
		{
			"Target": "Parameter",
			"Id": "ParamBrowLForm",
			"Segments": [
				0,
				-1,
				0,
				4.467,
				-1
			]
		},
		{
			"Target": "Parameter",
			"Id": "ParamBrowRForm",
			"Segments": [
				0,
				-1,
				0,
				4.467,
				-1
			]
		},
		{
			"Target": "Parameter",
			"Id": "ParamMouthForm",
			"Segments": [
				0,
				-2,
				0,
				4.467,
				-2
			]
		},
		{
			"Target": "Parameter",
			"Id": "ParamMouthOpenY",
			"Segments": [
				0,
				0,
				0,
				4.467,
				0
			]
		},
		{
			"Target": "Parameter",
			"Id": "ParamBodyAngleX",
			"Segments": [
				0,
				0,
				1,
				0.244,
				0,
				0.489,
				0,
				0.733,
				0,
				1,
				0.933,
				0,
				1.133,
				-7,
				1.333,
				-7,
				1,
				1.644,
				-7,
				1.956,
				0,
				2.267,
				0,
				0,
				4.467,
				0
			]
		},
		{
			"Target": "Parameter",
			"Id": "ParamBodyAngleY",
			"Segments": [
				0,
				0,
				1,
				0.244,
				0,
				0.489,
				0,
				0.733,
				0,
				0,
				4.467,
				0
			]
		},
		{
			"Target": "Parameter",
			"Id": "ParamBodyAngleZ",
			"Segments": [
				0,
				2,
				1,
				0.233,
				2,
				0.467,
				0,
				0.7,
				0,
				1,
				0.733,
				0,
				0.767,
				0,
				0.8,
				0,
				1,
				1,
				0,
				1.2,
				-4,
				1.4,
				-4,
				1,
				1.711,
				-4,
				2.022,
				5,
				2.333,
				5,
				1,
				2.567,
				5,
				2.8,
				3.64,
				3.033,
				0,
				1,
				3.133,
				-1.56,
				3.233,
				-3,
				3.333,
				-3,
				1,
				3.467,
				-3,
				3.6,
				-2,
				3.733,
				-2,
				0,
				4.467,
				-2
			]
		},
		{
			"Target": "Parameter",
			"Id": "ParamBreath",
			"Segments": [
				0,
				0,
				1,
				0.189,
				0,
				0.378,
				1,
				0.567,
				1,
				1,
				0.711,
				1,
				0.856,
				0,
				1,
				0,
				1,
				1.222,
				0,
				1.444,
				1,
				1.667,
				1,
				1,
				1.889,
				1,
				2.111,
				0,
				2.333,
				0,
				1,
				2.544,
				0,
				2.756,
				1,
				2.967,
				1,
				1,
				3.167,
				1,
				3.367,
				0,
				3.567,
				0,
				0,
				4.467,
				0
			]
		},
		{
			"Target": "Parameter",
			"Id": "ParamShoulder",
			"Segments": [
				0,
				0.1,
				1,
				0.467,
				0.1,
				0.933,
				1,
				1.4,
				1,
				1,
				1.844,
				1,
				2.289,
				1,
				2.733,
				1,
				1,
				2.967,
				1,
				3.2,
				-1,
				3.433,
				-1,
				0,
				4.467,
				-1
			]
		},
		{
			"Target": "Parameter",
			"Id": "ParamLeg",
			"Segments": [
				0,
				1,
				0,
				4.467,
				1
			]
		},
		{
			"Target": "Parameter",
			"Id": "ParamArmLA",
			"Segments": [
				0,
				-10,
				0,
				4.467,
				-10
			]
		},
		{
			"Target": "Parameter",
			"Id": "ParamArmRA",
			"Segments": [
				0,
				-10,
				0,
				4.467,
				-10
			]
		},
		{
			"Target": "Parameter",
			"Id": "ParamHairAhoge",
			"Segments": [
				0,
				0,
				1,
				0.3,
				0,
				0.6,
				0,
				0.9,
				-0.012,
				1,
				1.067,
				-0.019,
				1.233,
				-6.827,
				1.4,
				-6.827,
				1,
				1.511,
				-6.827,
				1.622,
				7.958,
				1.733,
				7.958,
				1,
				1.944,
				7.958,
				2.156,
				-7.565,
				2.367,
				-7.565,
				1,
				2.5,
				-7.565,
				2.633,
				9.434,
				2.767,
				9.434,
				1,
				2.978,
				9.434,
				3.189,
				-8.871,
				3.4,
				-8.871,
				1,
				3.5,
				-8.871,
				3.6,
				7.588,
				3.7,
				7.588,
				1,
				3.789,
				7.588,
				3.878,
				-3.904,
				3.967,
				-3.904,
				1,
				4.011,
				-3.904,
				4.056,
				-0.032,
				4.1,
				-0.032,
				0,
				4.467,
				-0.032
			]
		},
		{
			"Target": "PartOpacity",
			"Id": "PartArmA",
			"Segments": [
				0,
				0.997,
				0,
				4.467,
				0.997
			]
		},
		{
			"Target": "PartOpacity",
			"Id": "PartArmB",
			"Segments": [
				0,
				0.001,
				0,
				4.467,
				0.001
			]
		}
	]
}