{
	"Version": 3,
	"Parameters": [
		{
			"Id": "Param156",
			"GroupId": "ParamGroup3",
			"Name": "水印关闭Watermark off"
		},
		{
			"Id": "Param176",
			"GroupId": "ParamGroup3",
			"Name": "本模型由樱井檬免费公开"
		},
		{
			"Id": "Param177",
			"GroupId": "ParamGroup3",
			"Name": "禁止二次转卖"
		},
		{
			"Id": "Param193",
			"GroupId": "ParamGroup3",
			"Name": "Prohibition of secondary resale"
		},
		{
			"Id": "Param23",
			"GroupId": "ParamGroup3",
			"Name": "▂▂▂▂▂↓头发Hair↓▂▂▂▂▂"
		},
		{
			"Id": "Param20",
			"GroupId": "ParamGroup3",
			"Name": "刘海切换Style of bangs"
		},
		{
			"Id": "Param5",
			"GroupId": "ParamGroup3",
			"Name": "刘海长度Length of bangs"
		},
		{
			"Id": "Param140",
			"GroupId": "ParamGroup3",
			"Name": "刘海宽度Width of bangs"
		},
		{
			"Id": "Param103",
			"GroupId": "ParamGroup3",
			"Name": "刘海R切换Style of right bangs"
		},
		{
			"Id": "Param108",
			"GroupId": "ParamGroup3",
			"Name": "刘海L切换Style of left bangs"
		},
		{
			"Id": "Param106",
			"GroupId": "ParamGroup3",
			"Name": "刘海R长度Length of right bangs"
		},
		{
			"Id": "Param107",
			"GroupId": "ParamGroup3",
			"Name": "刘海L长度Length of left bangs"
		},
		{
			"Id": "Param102",
			"GroupId": "ParamGroup3",
			"Name": "鬓角切换Style of temples"
		},
		{
			"Id": "Param209",
			"GroupId": "ParamGroup3",
			"Name": "L翘角 Left Cocked hair"
		},
		{
			"Id": "Param211",
			"GroupId": "ParamGroup3",
			"Name": "R翘角 Right Cocked hair"
		},
		{
			"Id": "Param210",
			"GroupId": "ParamGroup3",
			"Name": "L翘角位置Position of left Cocked hair"
		},
		{
			"Id": "Param212",
			"GroupId": "ParamGroup3",
			"Name": "R翘角位置Position of left Cocked hair"
		},
		{
			"Id": "Param100",
			"GroupId": "ParamGroup3",
			"Name": "鬓角L长度Length of left temples"
		},
		{
			"Id": "Param101",
			"GroupId": "ParamGroup3",
			"Name": "鬓角R长度Length of right temples"
		},
		{
			"Id": "Param136",
			"GroupId": "ParamGroup3",
			"Name": "鬓角L宽度Width of left temples"
		},
		{
			"Id": "Param135",
			"GroupId": "ParamGroup3",
			"Name": "鬓角R宽度Width of right temples"
		},
		{
			"Id": "Param19",
			"GroupId": "ParamGroup3",
			"Name": "呆毛切换Style of ahoge"
		},
		{
			"Id": "Param117",
			"GroupId": "ParamGroup3",
			"Name": "后发切换Style of back hair"
		},
		{
			"Id": "Param118",
			"GroupId": "ParamGroup3",
			"Name": "后发长度外Length of back hair （outer）"
		},
		{
			"Id": "Param127",
			"GroupId": "ParamGroup3",
			"Name": "后发长度内Length of back hair （inner）"
		},
		{
			"Id": "Param132",
			"GroupId": "ParamGroup3",
			"Name": "后发变形Shape of back hair"
		},
		{
			"Id": "Param131",
			"GroupId": "ParamGroup3",
			"Name": "L辫子Left braid"
		},
		{
			"Id": "Param134",
			"GroupId": "ParamGroup3",
			"Name": "R辫子Right braid"
		},
		{
			"Id": "Param166",
			"GroupId": "ParamGroup3",
			"Name": "辫子L位置Position of left braid"
		},
		{
			"Id": "Param133",
			"GroupId": "ParamGroup3",
			"Name": "辫子R位置Position of right braid"
		},
		{
			"Id": "Param167",
			"GroupId": "ParamGroup3",
			"Name": "辫子L长度Length of left braid"
		},
		{
			"Id": "Param165",
			"GroupId": "ParamGroup3",
			"Name": "辫子R长度Length of right braid"
		},
		{
			"Id": "Param194",
			"GroupId": "ParamGroup3",
			"Name": "挑染streaked hair"
		},
		{
			"Id": "Param114",
			"GroupId": "ParamGroup16",
			"Name": "▂▂▂▂▂↓脸Face↓▂▂▂▂▂"
		},
		{
			"Id": "Param138",
			"GroupId": "ParamGroup16",
			"Name": "脸宽窄Face width"
		},
		{
			"Id": "Param139",
			"GroupId": "ParamGroup16",
			"Name": "下巴上下Chin position(up&down)"
		},
		{
			"Id": "Param115",
			"GroupId": "ParamGroup18",
			"Name": "▂▂▂▂▂↓眼睛Eyes↓▂▂▂▂▂"
		},
		{
			"Id": "Param39",
			"GroupId": "ParamGroup18",
			"Name": "眼形Eye shape"
		},
		{
			"Id": "Param56",
			"GroupId": "ParamGroup18",
			"Name": "眼睛大小Eye size"
		},
		{
			"Id": "Param86",
			"GroupId": "ParamGroup18",
			"Name": "眼睛上下Eye position"
		},
		{
			"Id": "Param155",
			"GroupId": "ParamGroup18",
			"Name": "眼球宽度Eyeball width"
		},
		{
			"Id": "Param41",
			"GroupId": "ParamGroup18",
			"Name": "睫毛Eyelashes"
		},
		{
			"Id": "Param49",
			"GroupId": "ParamGroup18",
			"Name": "眼（下）Lower eyelid"
		},
		{
			"Id": "Param36",
			"GroupId": "ParamGroup18",
			"Name": "L瞳孔Left pupil"
		},
		{
			"Id": "Param38",
			"GroupId": "ParamGroup18",
			"Name": "R瞳孔Right pupil"
		},
		{
			"Id": "Param42",
			"GroupId": "ParamGroup18",
			"Name": "L白眼Left eyes white"
		},
		{
			"Id": "Param43",
			"GroupId": "ParamGroup18",
			"Name": "R白眼Right eyes white"
		},
		{
			"Id": "Param55",
			"GroupId": "ParamGroup18",
			"Name": "L高光Left highlight"
		},
		{
			"Id": "Param178",
			"GroupId": "ParamGroup18",
			"Name": "R高光Right highlight"
		},
		{
			"Id": "Param189",
			"GroupId": "ParamGroup18",
			"Name": "高光L位置Position of left highlight"
		},
		{
			"Id": "Param188",
			"GroupId": "ParamGroup18",
			"Name": "高光R位置Position of right highlight"
		},
		{
			"Id": "Param67",
			"GroupId": "ParamGroup17",
			"Name": "▂▂▂▂▂↓口鼻Mouth and nose↓▂▂▂▂▂"
		},
		{
			"Id": "Param2",
			"GroupId": "ParamGroup17",
			"Name": "猫猫嘴切换Cat mouth"
		},
		{
			"Id": "Param96",
			"GroupId": "ParamGroup17",
			"Name": "嘴巴上下Mouth position"
		},
		{
			"Id": "Param97",
			"GroupId": "ParamGroup17",
			"Name": "嘴巴宽窄Mouth width"
		},
		{
			"Id": "Param6",
			"GroupId": "ParamGroup17",
			"Name": "鼻子切换Nose shape"
		},
		{
			"Id": "Param87",
			"GroupId": "ParamGroup17",
			"Name": "鼻子上下Nose position"
		},
		{
			"Id": "Param71",
			"GroupId": "ParamGroup17",
			"Name": "牙切换(普通嘴)The style of teeth"
		},
		{
			"Id": "Param110",
			"GroupId": "ParamGroup19",
			"Name": "▂▂▂▂▂↓眉毛Eyebrows↓▂▂▂▂▂"
		},
		{
			"Id": "Param57",
			"GroupId": "ParamGroup19",
			"Name": "眉毛样式Eyebrow style"
		},
		{
			"Id": "Param69",
			"GroupId": "ParamGroup19",
			"Name": "眉毛旋转Eyebrow rotation"
		},
		{
			"Id": "Param81",
			"GroupId": "ParamGroup19",
			"Name": "眉毛上下Eyebrow position"
		},
		{
			"Id": "Param82",
			"GroupId": "ParamGroup19",
			"Name": "眉毛宽窄Eyebrow width"
		},
		{
			"Id": "Param143",
			"GroupId": "ParamGroup9",
			"Name": "▂▂▂▂▂↓痣Moles↓▂▂▂▂▂"
		},
		{
			"Id": "Param72",
			"GroupId": "ParamGroup9",
			"Name": "痣1Mole 1"
		},
		{
			"Id": "Param141",
			"GroupId": "ParamGroup9",
			"Name": "1痣X Mole 1 X position"
		},
		{
			"Id": "Param142",
			"GroupId": "ParamGroup9",
			"Name": "1痣Y Mole 1 Y position"
		},
		{
			"Id": "Param144",
			"GroupId": "ParamGroup9",
			"Name": "痣2Mole 2"
		},
		{
			"Id": "Param145",
			"GroupId": "ParamGroup9",
			"Name": "2痣X Mole 2 X position"
		},
		{
			"Id": "Param146",
			"GroupId": "ParamGroup9",
			"Name": "2痣Y Mole 2 Y position"
		},
		{
			"Id": "Param111",
			"GroupId": "ParamGroup9",
			"Name": "▂▂▂▂▂↓其他脸部Other face↓▂▂▂▂▂"
		},
		{
			"Id": "Param147",
			"GroupId": "ParamGroup9",
			"Name": "雀斑Freckles"
		},
		{
			"Id": "Param74",
			"GroupId": "ParamGroup9",
			"Name": "腮红样式Blusher style"
		},
		{
			"Id": "Param187",
			"GroupId": "ParamGroup9",
			"Name": "腮红上下Blusher position"
		},
		{
			"Id": "Param73",
			"GroupId": "ParamGroup9",
			"Name": "脸上装饰Facial decorations"
		},
		{
			"Id": "Param205",
			"GroupId": "ParamGroup9",
			"Name": "脸上装饰2 Facial decorations2"
		},
		{
			"Id": "Param153",
			"GroupId": "ParamGroup9",
			"Name": "眼镜样式Style of glasses"
		},
		{
			"Id": "Param154",
			"GroupId": "ParamGroup9",
			"Name": "眼镜上下Glasses position"
		},
		{
			"Id": "Param116",
			"GroupId": "ParamGroup8",
			"Name": "▂▂▂▂▂↓其他头部Other head↓▂▂▂▂▂"
		},
		{
			"Id": "Param128",
			"GroupId": "ParamGroup8",
			"Name": "头上装饰Head decorations"
		},
		{
			"Id": "Param204",
			"GroupId": "ParamGroup8",
			"Name": "头上装饰2 Head decorations2"
		},
		{
			"Id": "Param208",
			"GroupId": "ParamGroup8",
			"Name": "头后Behind the head fittings"
		},
		{
			"Id": "Param152",
			"GroupId": "ParamGroup8",
			"Name": "角Horns"
		},
		{
			"Id": "Param179",
			"GroupId": "ParamGroup8",
			"Name": "角长度Horn length"
		},
		{
			"Id": "Param",
			"GroupId": "ParamGroup8",
			"Name": "角2Horn 2"
		},
		{
			"Id": "Param199",
			"GroupId": "ParamGroup8",
			"Name": "角2长度Horn 2 length"
		},
		{
			"Id": "Param109",
			"GroupId": "ParamGroup8",
			"Name": "耳朵切换Ear shape"
		},
		{
			"Id": "Param151",
			"GroupId": "ParamGroup8",
			"Name": "兽耳Animal ears"
		},
		{
			"Id": "Param180",
			"GroupId": "ParamGroup8",
			"Name": "兽耳长度Length of animal ears"
		},
		{
			"Id": "Param181",
			"GroupId": "ParamGroup8",
			"Name": "L兽耳位置Position of left animal ear"
		},
		{
			"Id": "Param182",
			"GroupId": "ParamGroup8",
			"Name": "R兽耳位置Position of right animal ear"
		},
		{
			"Id": "Param148",
			"GroupId": "ParamGroup8",
			"Name": "L发卡Left hairpin"
		},
		{
			"Id": "Param149",
			"GroupId": "ParamGroup8",
			"Name": "R发卡Right hairpin"
		},
		{
			"Id": "Param130",
			"GroupId": "ParamGroup8",
			"Name": "特殊部件Special parts"
		},
		{
			"Id": "Param196",
			"GroupId": "ParamGroup8",
			"Name": "特殊部件2Special parts 2"
		},
		{
			"Id": "Param129",
			"GroupId": "ParamGroup20",
			"Name": "▂▂▂▂▂↓身体Body↓▂▂▂▂▂"
		},
		{
			"Id": "Param50",
			"GroupId": "ParamGroup20",
			"Name": "校徽样式Style of emblem"
		},
		{
			"Id": "Param157",
			"GroupId": "ParamGroup20",
			"Name": "裙子长Skirt length"
		},
		{
			"Id": "Param137",
			"GroupId": "ParamGroup20",
			"Name": "衣服样式Dressing style"
		},
		{
			"Id": "Param192",
			"GroupId": "ParamGroup20",
			"Name": "换条裤衩Style of short pants"
		},
		{
			"Id": "Param34",
			"GroupId": "",
			"Name": "███结束辣███That's all███"
		},
		{
			"Id": "Param28",
			"GroupId": "ParamGroup10",
			"Name": "1"
		},
		{
			"Id": "Param29",
			"GroupId": "ParamGroup10",
			"Name": "2"
		},
		{
			"Id": "Param33",
			"GroupId": "ParamGroup10",
			"Name": "3"
		},
		{
			"Id": "ParamAngleX",
			"GroupId": "ParamGroup10",
			"Name": "角度 X"
		},
		{
			"Id": "ParamAngleY",
			"GroupId": "ParamGroup10",
			"Name": "角度 Y"
		},
		{
			"Id": "ParamAngleZ",
			"GroupId": "ParamGroup10",
			"Name": "角度 Z"
		},
		{
			"Id": "ParamBrowLY",
			"GroupId": "ParamGroup10",
			"Name": "左眉上下"
		},
		{
			"Id": "ParamBrowRY",
			"GroupId": "ParamGroup10",
			"Name": "右眉　上下"
		},
		{
			"Id": "ParamBrowRForm",
			"GroupId": "ParamGroup10",
			"Name": "右眉　変形"
		},
		{
			"Id": "ParamBrowLForm",
			"GroupId": "ParamGroup10",
			"Name": "左眉　変形"
		},
		{
			"Id": "Param47",
			"GroupId": "ParamGroup10",
			"Name": "眉毛形状"
		},
		{
			"Id": "Param70",
			"GroupId": "ParamGroup10",
			"Name": "脸距"
		},
		{
			"Id": "zuoyou",
			"GroupId": "ParamGroup10",
			"Name": "左右"
		},
		{
			"Id": "Param51",
			"GroupId": "ParamGroup11",
			"Name": "████████"
		},
		{
			"Id": "ParamEyeLOpen",
			"GroupId": "ParamGroup11",
			"Name": "左眼　开闭"
		},
		{
			"Id": "Param184",
			"GroupId": "ParamGroup11",
			"Name": "痣左眼开闭"
		},
		{
			"Id": "ParamEyeROpen",
			"GroupId": "ParamGroup11",
			"Name": "右眼"
		},
		{
			"Id": "Param185",
			"GroupId": "ParamGroup11",
			"Name": "痣右眼开闭"
		},
		{
			"Id": "ParamEyeBallX",
			"GroupId": "ParamGroup11",
			"Name": "眼球 X"
		},
		{
			"Id": "ParamEyeBallY",
			"GroupId": "ParamGroup11",
			"Name": "眼球 Y"
		},
		{
			"Id": "ParamEyeLSmile",
			"GroupId": "ParamGroup11",
			"Name": "左眼　微笑"
		},
		{
			"Id": "Param190",
			"GroupId": "ParamGroup11",
			"Name": "微笑L"
		},
		{
			"Id": "ParamEyeRSmile",
			"GroupId": "ParamGroup11",
			"Name": "右眼　微笑"
		},
		{
			"Id": "Param191",
			"GroupId": "ParamGroup11",
			"Name": "微笑R"
		},
		{
			"Id": "Param17",
			"GroupId": "ParamGroup11",
			"Name": "怒"
		},
		{
			"Id": "Param18",
			"GroupId": "ParamGroup11",
			"Name": "右眼怒"
		},
		{
			"Id": "Param30",
			"GroupId": "ParamGroup11",
			"Name": "左眼皮"
		},
		{
			"Id": "Param31",
			"GroupId": "ParamGroup11",
			"Name": "右眼皮"
		},
		{
			"Id": "Param48",
			"GroupId": "ParamGroup11",
			"Name": "大眼"
		},
		{
			"Id": "Param52",
			"GroupId": "ParamGroup7",
			"Name": "████████"
		},
		{
			"Id": "ParamMouthForm",
			"GroupId": "ParamGroup7",
			"Name": "嘴部　变形"
		},
		{
			"Id": "ParamMouthOpenY",
			"GroupId": "ParamGroup7",
			"Name": "嘴巴　张开和闭合"
		},
		{
			"Id": "Param186",
			"GroupId": "ParamGroup7",
			"Name": "痣嘴巴变形"
		},
		{
			"Id": "Param183",
			"GroupId": "ParamGroup7",
			"Name": "痣嘴巴开合"
		},
		{
			"Id": "Param122",
			"GroupId": "ParamGroup7",
			"Name": "歪嘴"
		},
		{
			"Id": "Param123",
			"GroupId": "ParamGroup7",
			"Name": "widen 嘴寬"
		},
		{
			"Id": "Param124",
			"GroupId": "ParamGroup7",
			"Name": "srugh 收下巴"
		},
		{
			"Id": "Param125",
			"GroupId": "ParamGroup7",
			"Name": "jaw 突下巴"
		},
		{
			"Id": "Param126",
			"GroupId": "ParamGroup7",
			"Name": "鼓嘴"
		},
		{
			"Id": "Param58",
			"GroupId": "ParamGroup",
			"Name": "████████"
		},
		{
			"Id": "Param3",
			"GroupId": "ParamGroup",
			"Name": "左瞳孔"
		},
		{
			"Id": "Param4",
			"GroupId": "ParamGroup",
			"Name": "右瞳孔"
		},
		{
			"Id": "_____________",
			"GroupId": "ParamGroup39",
			"Name": "████████"
		},
		{
			"Id": "________________",
			"GroupId": "ParamGroup39",
			"Name": "████████"
		},
		{
			"Id": "Xbox_RS_X",
			"GroupId": "ParamGroup39",
			"Name": "Xbox_RS_X"
		},
		{
			"Id": "Xbox_RS_Y",
			"GroupId": "ParamGroup39",
			"Name": "Xbox_RS_Y"
		},
		{
			"Id": "Xbox_RS_B",
			"GroupId": "ParamGroup39",
			"Name": "Xbox_RS_B"
		},
		{
			"Id": "Xbox_RB",
			"GroupId": "ParamGroup39",
			"Name": "Xbox_RB"
		},
		{
			"Id": "FP_RT",
			"GroupId": "ParamGroup39",
			"Name": "FP_RT"
		},
		{
			"Id": "Xbox_RT",
			"GroupId": "ParamGroup39",
			"Name": "Xbox_RT"
		},
		{
			"Id": "FP_A",
			"GroupId": "ParamGroup39",
			"Name": "FP_A"
		},
		{
			"Id": "Xbox_A",
			"GroupId": "ParamGroup39",
			"Name": "Xbox_A"
		},
		{
			"Id": "FP_B",
			"GroupId": "ParamGroup39",
			"Name": "FP_B"
		},
		{
			"Id": "Xbox_B",
			"GroupId": "ParamGroup39",
			"Name": "Xbox_B"
		},
		{
			"Id": "FP_X",
			"GroupId": "ParamGroup39",
			"Name": "FP_X"
		},
		{
			"Id": "Xbox_X",
			"GroupId": "ParamGroup39",
			"Name": "Xbox_X"
		},
		{
			"Id": "FP_Y",
			"GroupId": "ParamGroup39",
			"Name": "FP_Y"
		},
		{
			"Id": "Xbox_Y",
			"GroupId": "ParamGroup39",
			"Name": "Xbox_Y"
		},
		{
			"Id": "______________",
			"GroupId": "ParamGroup39",
			"Name": "████████"
		},
		{
			"Id": "Xbox_LS_X",
			"GroupId": "ParamGroup39",
			"Name": "Xbox_LS_X"
		},
		{
			"Id": "Xbox_LS_Y",
			"GroupId": "ParamGroup39",
			"Name": "Xbox_LS_Y"
		},
		{
			"Id": "Xbox_LS_B",
			"GroupId": "ParamGroup39",
			"Name": "Xbox_LS_B"
		},
		{
			"Id": "Xbox_LB",
			"GroupId": "ParamGroup39",
			"Name": "Xbox_LB"
		},
		{
			"Id": "FP_LT",
			"GroupId": "ParamGroup39",
			"Name": "FP_LT"
		},
		{
			"Id": "Xbox_LT",
			"GroupId": "ParamGroup39",
			"Name": "Xbox_LT"
		},
		{
			"Id": "FP_Dpad_Up",
			"GroupId": "ParamGroup39",
			"Name": "FP_Dpad_Up"
		},
		{
			"Id": "Xbox_Dpad_Up",
			"GroupId": "ParamGroup39",
			"Name": "Xbox_Dpad_Up"
		},
		{
			"Id": "FP_Dpad_Down",
			"GroupId": "ParamGroup39",
			"Name": "FP_Dpad_Down"
		},
		{
			"Id": "Xbox_Dpad_Down",
			"GroupId": "ParamGroup39",
			"Name": "Xbox_Dpad_Down"
		},
		{
			"Id": "FP_Dpad_Left",
			"GroupId": "ParamGroup39",
			"Name": "FP_Dpad_Left"
		},
		{
			"Id": "Xbox_Dpad_Left",
			"GroupId": "ParamGroup39",
			"Name": "Xbox_Dpad_Left"
		},
		{
			"Id": "FP_Dpad_Right",
			"GroupId": "ParamGroup39",
			"Name": "FP_Dpad_Right"
		},
		{
			"Id": "Xbox_Dpad_Right",
			"GroupId": "ParamGroup39",
			"Name": "Xbox_Dpad_Right"
		},
		{
			"Id": "_______________",
			"GroupId": "ParamGroup39",
			"Name": "████████"
		},
		{
			"Id": "Paramlr",
			"GroupId": "ParamGroup39",
			"Name": "两侧按下"
		},
		{
			"Id": "Param59",
			"GroupId": "ParamGroup12",
			"Name": "████████"
		},
		{
			"Id": "Param10",
			"GroupId": "ParamGroup12",
			"Name": "zop1"
		},
		{
			"Id": "Param11",
			"GroupId": "ParamGroup12",
			"Name": "zop2"
		},
		{
			"Id": "Param12",
			"GroupId": "ParamGroup12",
			"Name": "yop1"
		},
		{
			"Id": "Param13",
			"GroupId": "ParamGroup12",
			"Name": "yop2"
		},
		{
			"Id": "Param44",
			"GroupId": "ParamGroup12",
			"Name": "yop1"
		},
		{
			"Id": "Param80",
			"GroupId": "ParamGroup12",
			"Name": "yop2"
		},
		{
			"Id": "Param200",
			"GroupId": "ParamGroup12",
			"Name": "团子x1"
		},
		{
			"Id": "Param201",
			"GroupId": "ParamGroup12",
			"Name": "团子x2"
		},
		{
			"Id": "Param202",
			"GroupId": "ParamGroup12",
			"Name": "团子y1"
		},
		{
			"Id": "Param203",
			"GroupId": "ParamGroup12",
			"Name": "团子y2"
		},
		{
			"Id": "Param60",
			"GroupId": "ParamGroup6",
			"Name": "████████"
		},
		{
			"Id": "Param88",
			"GroupId": "ParamGroup6",
			"Name": "左耳x"
		},
		{
			"Id": "Param90",
			"GroupId": "ParamGroup6",
			"Name": "左耳z"
		},
		{
			"Id": "Param89",
			"GroupId": "ParamGroup6",
			"Name": "左耳物理1"
		},
		{
			"Id": "Param92",
			"GroupId": "ParamGroup6",
			"Name": "左耳物理2"
		},
		{
			"Id": "Param91",
			"GroupId": "ParamGroup6",
			"Name": "右耳x"
		},
		{
			"Id": "Param93",
			"GroupId": "ParamGroup6",
			"Name": "右耳z"
		},
		{
			"Id": "Param94",
			"GroupId": "ParamGroup6",
			"Name": "右耳物理1"
		},
		{
			"Id": "Param95",
			"GroupId": "ParamGroup6",
			"Name": "右耳物理2"
		},
		{
			"Id": "Param65",
			"GroupId": "ParamGroup13",
			"Name": "████████"
		},
		{
			"Id": "ParamBodyAngleX",
			"GroupId": "ParamGroup13",
			"Name": "身体旋转　X"
		},
		{
			"Id": "ParamBodyAngleY",
			"GroupId": "ParamGroup13",
			"Name": "身体旋转　Y"
		},
		{
			"Id": "Param150",
			"GroupId": "ParamGroup13",
			"Name": "y"
		},
		{
			"Id": "ParamBodyAngleZ",
			"GroupId": "ParamGroup13",
			"Name": "身体旋转　Z"
		},
		{
			"Id": "Param32",
			"GroupId": "ParamGroup13",
			"Name": "z2"
		},
		{
			"Id": "ParamBreath",
			"GroupId": "ParamGroup13",
			"Name": "呼吸"
		},
		{
			"Id": "Param61",
			"GroupId": "ParamGroup4",
			"Name": "左手"
		},
		{
			"Id": "Param63",
			"GroupId": "ParamGroup4",
			"Name": "左手旋轉"
		},
		{
			"Id": "Param98",
			"GroupId": "ParamGroup4",
			"Name": "左手变形"
		},
		{
			"Id": "Param99",
			"GroupId": "ParamGroup4",
			"Name": "左手变形2"
		},
		{
			"Id": "Param62",
			"GroupId": "ParamGroup4",
			"Name": "右手"
		},
		{
			"Id": "Param64",
			"GroupId": "ParamGroup4",
			"Name": "右手旋轉"
		},
		{
			"Id": "Param104",
			"GroupId": "ParamGroup4",
			"Name": "右手变形1"
		},
		{
			"Id": "Param105",
			"GroupId": "ParamGroup4",
			"Name": "右手变形2"
		},
		{
			"Id": "Param66",
			"GroupId": "ParamGroup14",
			"Name": "████████"
		},
		{
			"Id": "ParamHairFront",
			"GroupId": "ParamGroup14",
			"Name": "摇动　前发"
		},
		{
			"Id": "Param14",
			"GroupId": "ParamGroup14",
			"Name": "前发2"
		},
		{
			"Id": "Param75",
			"GroupId": "ParamGroup14",
			"Name": "前发3"
		},
		{
			"Id": "Param119",
			"GroupId": "ParamGroup14",
			"Name": "前发4"
		},
		{
			"Id": "Param15",
			"GroupId": "ParamGroup14",
			"Name": "前发y1"
		},
		{
			"Id": "Param16",
			"GroupId": "ParamGroup14",
			"Name": "前发y2"
		},
		{
			"Id": "Param76",
			"GroupId": "ParamGroup14",
			"Name": "呆毛1"
		},
		{
			"Id": "Param77",
			"GroupId": "ParamGroup14",
			"Name": "呆毛2"
		},
		{
			"Id": "Param158",
			"GroupId": "ParamGroup14",
			"Name": "啾啾1"
		},
		{
			"Id": "Param159",
			"GroupId": "ParamGroup14",
			"Name": "啾啾2"
		},
		{
			"Id": "Param160",
			"GroupId": "ParamGroup14",
			"Name": "啾啾3"
		},
		{
			"Id": "Param161",
			"GroupId": "ParamGroup14",
			"Name": "啾啾11"
		},
		{
			"Id": "Param174",
			"GroupId": "ParamGroup14",
			"Name": "啾啾22"
		},
		{
			"Id": "Param175",
			"GroupId": "ParamGroup14",
			"Name": "啾啾33"
		},
		{
			"Id": "Param68",
			"GroupId": "ParamGroup5",
			"Name": "████████"
		},
		{
			"Id": "Param84",
			"GroupId": "ParamGroup5",
			"Name": "裙子x"
		},
		{
			"Id": "Param85",
			"GroupId": "ParamGroup5",
			"Name": "裙子x2"
		},
		{
			"Id": "Param53",
			"GroupId": "ParamGroup5",
			"Name": "裙子y1"
		},
		{
			"Id": "Param54",
			"GroupId": "ParamGroup5",
			"Name": "裙子y2"
		},
		{
			"Id": "Param112",
			"GroupId": "ParamGroup5",
			"Name": "蝴蝶结l1"
		},
		{
			"Id": "Param113",
			"GroupId": "ParamGroup5",
			"Name": "蝴蝶结l2"
		},
		{
			"Id": "Param206",
			"GroupId": "ParamGroup5",
			"Name": "蝴蝶结r1"
		},
		{
			"Id": "Param207",
			"GroupId": "ParamGroup5",
			"Name": "蝴蝶结r2"
		},
		{
			"Id": "Param195",
			"GroupId": "ParamGroup5",
			"Name": "灯泡左右"
		},
		{
			"Id": "Param197",
			"GroupId": "ParamGroup5",
			"Name": "符咒1"
		},
		{
			"Id": "Param198",
			"GroupId": "ParamGroup5",
			"Name": "符咒2"
		},
		{
			"Id": "Param78",
			"GroupId": "ParamGroup15",
			"Name": "████████"
		},
		{
			"Id": "ParamHairSide",
			"GroupId": "ParamGroup15",
			"Name": "左侧发1"
		},
		{
			"Id": "Param21",
			"GroupId": "ParamGroup15",
			"Name": "左侧发2"
		},
		{
			"Id": "Param22",
			"GroupId": "ParamGroup15",
			"Name": "左侧发3"
		},
		{
			"Id": "Param24",
			"GroupId": "ParamGroup15",
			"Name": "右侧发1"
		},
		{
			"Id": "Param25",
			"GroupId": "ParamGroup15",
			"Name": "右侧发2"
		},
		{
			"Id": "Param26",
			"GroupId": "ParamGroup15",
			"Name": "右侧发3"
		},
		{
			"Id": "Param_Angle_Rotation6a",
			"GroupId": "ParamGroup21",
			"Name": "[1]右手2"
		},
		{
			"Id": "Param_Angle_Rotation7a",
			"GroupId": "ParamGroup21",
			"Name": "[2]右手2"
		},
		{
			"Id": "Param_Angle_Rotation9a",
			"GroupId": "ParamGroup22",
			"Name": "[1]左手2"
		},
		{
			"Id": "Param_Angle_Rotation10a",
			"GroupId": "ParamGroup22",
			"Name": "[2]左手2"
		},
		{
			"Id": "Param_Angle_Rotation13a",
			"GroupId": "ParamGroup23",
			"Name": "[0]辫子1"
		},
		{
			"Id": "Param_Angle_Rotation14a",
			"GroupId": "ParamGroup23",
			"Name": "[1]辫子1"
		},
		{
			"Id": "Param_Angle_Rotation15a",
			"GroupId": "ParamGroup23",
			"Name": "[2]辫子1"
		},
		{
			"Id": "Param168",
			"GroupId": "ParamGroup23",
			"Name": "辫子02"
		},
		{
			"Id": "Param169",
			"GroupId": "ParamGroup23",
			"Name": "辫子12"
		},
		{
			"Id": "Param170",
			"GroupId": "ParamGroup23",
			"Name": "辫子22"
		},
		{
			"Id": "Param162",
			"GroupId": "ParamGroup24",
			"Name": "小辫1"
		},
		{
			"Id": "Param163",
			"GroupId": "ParamGroup24",
			"Name": "小辫2"
		},
		{
			"Id": "Param164",
			"GroupId": "ParamGroup24",
			"Name": "小辫3"
		},
		{
			"Id": "Param171",
			"GroupId": "ParamGroup24",
			"Name": "小辫11"
		},
		{
			"Id": "Param172",
			"GroupId": "ParamGroup24",
			"Name": "小辫22"
		},
		{
			"Id": "Param173",
			"GroupId": "ParamGroup24",
			"Name": "小辫33"
		},
		{
			"Id": "Param_Angle_Rotation15b",
			"GroupId": "ParamGroup25",
			"Name": "[0]麻花r"
		},
		{
			"Id": "Param_Angle_Rotation16b",
			"GroupId": "ParamGroup25",
			"Name": "[1]麻花r"
		},
		{
			"Id": "Param_Angle_Rotation17b",
			"GroupId": "ParamGroup25",
			"Name": "[2]麻花r"
		},
		{
			"Id": "Param_Angle_Rotation21b",
			"GroupId": "ParamGroup25",
			"Name": "[3]麻花r"
		},
		{
			"Id": "Param_Angle_Rotation18b",
			"GroupId": "ParamGroup26",
			"Name": "[0]麻花l"
		},
		{
			"Id": "Param_Angle_Rotation19b",
			"GroupId": "ParamGroup26",
			"Name": "[1]麻花l"
		},
		{
			"Id": "Param_Angle_Rotation20b",
			"GroupId": "ParamGroup26",
			"Name": "[2]麻花l"
		},
		{
			"Id": "Param_Angle_Rotation22b",
			"GroupId": "ParamGroup26",
			"Name": "[3]麻花l"
		},
		{
			"Id": "Param_Angle_Rotation15v",
			"GroupId": "ParamGroup27",
			"Name": "[0]后发1"
		},
		{
			"Id": "Param_Angle_Rotation16v",
			"GroupId": "ParamGroup27",
			"Name": "[1]后发1"
		},
		{
			"Id": "Param_Angle_Rotation17v",
			"GroupId": "ParamGroup27",
			"Name": "[2]后发1"
		},
		{
			"Id": "Param_Angle_Rotation18v",
			"GroupId": "ParamGroup27",
			"Name": "[3]后发1"
		},
		{
			"Id": "Param_Angle_Rotation15w",
			"GroupId": "ParamGroup28",
			"Name": "[0]后发2"
		},
		{
			"Id": "Param_Angle_Rotation16w",
			"GroupId": "ParamGroup28",
			"Name": "[1]后发2"
		},
		{
			"Id": "Param_Angle_Rotation17w",
			"GroupId": "ParamGroup28",
			"Name": "[2]后发2"
		},
		{
			"Id": "Param_Angle_Rotation18w",
			"GroupId": "ParamGroup28",
			"Name": "[3]后发2"
		},
		{
			"Id": "Param_Angle_Rotation19w",
			"GroupId": "ParamGroup30",
			"Name": "[0]后发1.5"
		},
		{
			"Id": "Param_Angle_Rotation20w",
			"GroupId": "ParamGroup30",
			"Name": "[1]后发1.5"
		},
		{
			"Id": "Param_Angle_Rotation21w",
			"GroupId": "ParamGroup30",
			"Name": "[2]后发1.5"
		},
		{
			"Id": "Param_Angle_Rotation22w",
			"GroupId": "ParamGroup30",
			"Name": "[3]后发1.5"
		},
		{
			"Id": "Param_Angle_Rotation27w",
			"GroupId": "ParamGroup31",
			"Name": "[0]后发2.5"
		},
		{
			"Id": "Param_Angle_Rotation28w",
			"GroupId": "ParamGroup31",
			"Name": "[1]后发2.5"
		},
		{
			"Id": "Param_Angle_Rotation29w",
			"GroupId": "ParamGroup31",
			"Name": "[2]后发2.5"
		},
		{
			"Id": "Param_Angle_Rotation30w",
			"GroupId": "ParamGroup31",
			"Name": "[3]后发2.5"
		},
		{
			"Id": "Param_Angle_Rotation23w",
			"GroupId": "ParamGroup32",
			"Name": "[0]后发3.5"
		},
		{
			"Id": "Param_Angle_Rotation24w",
			"GroupId": "ParamGroup32",
			"Name": "[1]后发3.5"
		},
		{
			"Id": "Param_Angle_Rotation25w",
			"GroupId": "ParamGroup32",
			"Name": "[2]后发3.5"
		},
		{
			"Id": "Param_Angle_Rotation26w",
			"GroupId": "ParamGroup32",
			"Name": "[3]后发3.5"
		},
		{
			"Id": "Param_Angle_Rotation23z",
			"GroupId": "ParamGroup34",
			"Name": "[0]黑长直2"
		},
		{
			"Id": "Param_Angle_Rotation24z",
			"GroupId": "ParamGroup34",
			"Name": "[1]黑长直2"
		},
		{
			"Id": "Param_Angle_Rotation25z",
			"GroupId": "ParamGroup34",
			"Name": "[2]黑长直2"
		},
		{
			"Id": "Param_Angle_Rotation26z",
			"GroupId": "ParamGroup34",
			"Name": "[3]黑长直2"
		},
		{
			"Id": "Param_Angle_Rotation19z",
			"GroupId": "ParamGroup35",
			"Name": "[0]黑长直1.5"
		},
		{
			"Id": "Param_Angle_Rotation20z",
			"GroupId": "ParamGroup35",
			"Name": "[1]黑长直1.5"
		},
		{
			"Id": "Param_Angle_Rotation21z",
			"GroupId": "ParamGroup35",
			"Name": "[2]黑长直1.5"
		},
		{
			"Id": "Param_Angle_Rotation22z",
			"GroupId": "ParamGroup35",
			"Name": "[3]黑长直1.5"
		},
		{
			"Id": "Param_Angle_Rotation27z",
			"GroupId": "ParamGroup36",
			"Name": "[0]黑长直2.5"
		},
		{
			"Id": "Param_Angle_Rotation28z",
			"GroupId": "ParamGroup36",
			"Name": "[1]黑长直2.5"
		},
		{
			"Id": "Param_Angle_Rotation291",
			"GroupId": "ParamGroup36",
			"Name": "[2]黑长直2.5"
		},
		{
			"Id": "Param_Angle_Rotation301",
			"GroupId": "ParamGroup36",
			"Name": "[3]黑长直2.5"
		},
		{
			"Id": "Param_Angle_Rotation18q",
			"GroupId": "ParamGroup37",
			"Name": "[0]挑染的弯曲变形器2"
		},
		{
			"Id": "Param_Angle_Rotation19q",
			"GroupId": "ParamGroup37",
			"Name": "[1]挑染的弯曲变形器2"
		},
		{
			"Id": "Param_Angle_Rotation20q",
			"GroupId": "ParamGroup37",
			"Name": "[2]挑染的弯曲变形器2"
		},
		{
			"Id": "Param_Angle_Rotation21q",
			"GroupId": "ParamGroup37",
			"Name": "[3]挑染的弯曲变形器2"
		},
		{
			"Id": "Param_Angle_Rotation19",
			"GroupId": "ParamGroup38",
			"Name": "[0]挑染2"
		},
		{
			"Id": "Param_Angle_Rotation20",
			"GroupId": "ParamGroup38",
			"Name": "[1]挑染2"
		},
		{
			"Id": "Param_Angle_Rotation21",
			"GroupId": "ParamGroup38",
			"Name": "[2]挑染2"
		},
		{
			"Id": "Param_Angle_Rotation22",
			"GroupId": "ParamGroup38",
			"Name": "[3]挑染2"
		}
	],
	"ParameterGroups": [
		{
			"Id": "ParamGroup3",
			"GroupId": "",
			"Name": "头发捏"
		},
		{
			"Id": "ParamGroup16",
			"GroupId": "",
			"Name": "脸型捏"
		},
		{
			"Id": "ParamGroup18",
			"GroupId": "",
			"Name": "眼睛捏"
		},
		{
			"Id": "ParamGroup17",
			"GroupId": "",
			"Name": "五官捏"
		},
		{
			"Id": "ParamGroup19",
			"GroupId": "",
			"Name": "眉毛捏"
		},
		{
			"Id": "ParamGroup9",
			"GroupId": "",
			"Name": "脸上捏"
		},
		{
			"Id": "ParamGroup8",
			"GroupId": "",
			"Name": "头上捏"
		},
		{
			"Id": "ParamGroup20",
			"GroupId": "",
			"Name": "身上捏"
		},
		{
			"Id": "ParamGroup10",
			"GroupId": "",
			"Name": "头九轴"
		},
		{
			"Id": "ParamGroup11",
			"GroupId": "",
			"Name": "眼睛"
		},
		{
			"Id": "ParamGroup7",
			"GroupId": "",
			"Name": "嘴巴"
		},
		{
			"Id": "ParamGroup",
			"GroupId": "",
			"Name": "gg"
		},
		{
			"Id": "ParamGroup39",
			"GroupId": "",
			"Name": "手柄"
		},
		{
			"Id": "ParamGroup12",
			"GroupId": "",
			"Name": "op"
		},
		{
			"Id": "ParamGroup6",
			"GroupId": "",
			"Name": "貓耳"
		},
		{
			"Id": "ParamGroup13",
			"GroupId": "",
			"Name": "身体"
		},
		{
			"Id": "ParamGroup4",
			"GroupId": "",
			"Name": "手"
		},
		{
			"Id": "ParamGroup40",
			"GroupId": "",
			"Name": "手柄手"
		},
		{
			"Id": "ParamGroup14",
			"GroupId": "",
			"Name": "前发"
		},
		{
			"Id": "ParamGroup5",
			"GroupId": "",
			"Name": "饰品"
		},
		{
			"Id": "ParamGroup15",
			"GroupId": "",
			"Name": "侧发"
		},
		{
			"Id": "ParamGroup2",
			"GroupId": "",
			"Name": "表情"
		},
		{
			"Id": "ParamGroup21",
			"GroupId": "",
			"Name": "右手2"
		},
		{
			"Id": "ParamGroup22",
			"GroupId": "",
			"Name": "左手2"
		},
		{
			"Id": "ParamGroup23",
			"GroupId": "",
			"Name": "辫子1"
		},
		{
			"Id": "ParamGroup24",
			"GroupId": "",
			"Name": "小辫l"
		},
		{
			"Id": "ParamGroup25",
			"GroupId": "",
			"Name": "麻花r"
		},
		{
			"Id": "ParamGroup26",
			"GroupId": "",
			"Name": "麻花l"
		},
		{
			"Id": "ParamGroup27",
			"GroupId": "",
			"Name": "后发1"
		},
		{
			"Id": "ParamGroup28",
			"GroupId": "",
			"Name": "后发2"
		},
		{
			"Id": "ParamGroup29",
			"GroupId": "",
			"Name": "后发3"
		},
		{
			"Id": "ParamGroup30",
			"GroupId": "",
			"Name": "后发1.5"
		},
		{
			"Id": "ParamGroup31",
			"GroupId": "",
			"Name": "后发2.5"
		},
		{
			"Id": "ParamGroup32",
			"GroupId": "",
			"Name": "后发3.5"
		},
		{
			"Id": "ParamGroup33",
			"GroupId": "",
			"Name": "黑长直1"
		},
		{
			"Id": "ParamGroup34",
			"GroupId": "",
			"Name": "黑长直2"
		},
		{
			"Id": "ParamGroup35",
			"GroupId": "",
			"Name": "黑长直1.5"
		},
		{
			"Id": "ParamGroup36",
			"GroupId": "",
			"Name": "黑长直2.5"
		},
		{
			"Id": "ParamGroup37",
			"GroupId": "",
			"Name": "挑染的弯曲变形器2"
		},
		{
			"Id": "ParamGroup38",
			"GroupId": "",
			"Name": "挑染2"
		}
	],
	"Parts": [
		{
			"Id": "Part239",
			"Name": "MO手柄.psd"
		},
		{
			"Id": "Part162",
			"Name": "前"
		},
		{
			"Id": "Part16",
			"Name": "光环"
		},
		{
			"Id": "Part13",
			"Name": "眼镜"
		},
		{
			"Id": "Part161",
			"Name": "猫耳"
		},
		{
			"Id": "Part90",
			"Name": "文件夹11"
		},
		{
			"Id": "Part163",
			"Name": "角2"
		},
		{
			"Id": "Part158",
			"Name": "鹿角"
		},
		{
			"Id": "Part",
			"Name": "本体"
		},
		{
			"Id": "Part148",
			"Name": "后发按键"
		},
		{
			"Id": "Part197",
			"Name": "后蝴蝶结"
		},
		{
			"Id": "PartSketch0",
			"Name": "[ 参考图 ]"
		},
		{
			"Id": "Part186",
			"Name": "符咒"
		},
		{
			"Id": "Part166",
			"Name": "..."
		},
		{
			"Id": "Part164",
			"Name": "灯泡"
		},
		{
			"Id": "Part189",
			"Name": "元宵"
		},
		{
			"Id": "Part17",
			"Name": "文件夹83"
		},
		{
			"Id": "Part18",
			"Name": "文件夹81"
		},
		{
			"Id": "Part168",
			"Name": "单边眼镜"
		},
		{
			"Id": "Part14",
			"Name": "文件夹38"
		},
		{
			"Id": "Part15",
			"Name": "文件夹37"
		},
		{
			"Id": "Part153",
			"Name": "独角兽"
		},
		{
			"Id": "Part156",
			"Name": "魅魔"
		},
		{
			"Id": "Part159",
			"Name": "文件夹95"
		},
		{
			"Id": "Part160",
			"Name": "文件夹96"
		},
		{
			"Id": "Part2",
			"Name": "文件夹28"
		},
		{
			"Id": "Part134",
			"Name": "腿子"
		},
		{
			"Id": "Part133",
			"Name": "手"
		},
		{
			"Id": "Part135",
			"Name": "领子后"
		},
		{
			"Id": "Part136",
			"Name": "黑长直"
		},
		{
			"Id": "Part141",
			"Name": "后发"
		},
		{
			"Id": "Part146",
			"Name": "后麻花"
		},
		{
			"Id": "Part147",
			"Name": "后脑勺"
		},
		{
			"Id": "Part196",
			"Name": "大坨辫子"
		},
		{
			"Id": "Part149",
			"Name": "文件夹36"
		},
		{
			"Id": "Part150",
			"Name": "文件夹35"
		},
		{
			"Id": "Part151",
			"Name": "文件夹34"
		},
		{
			"Id": "Part152",
			"Name": "文件夹33"
		},
		{
			"Id": "Part165",
			"Name": "文件夹102"
		},
		{
			"Id": "Part190",
			"Name": "文件夹115"
		},
		{
			"Id": "Part19",
			"Name": "头上按键"
		},
		{
			"Id": "Part3",
			"Name": "呆毛"
		},
		{
			"Id": "Part9",
			"Name": "眉毛"
		},
		{
			"Id": "Part167",
			"Name": "发箍"
		},
		{
			"Id": "Part33",
			"Name": "前刘海"
		},
		{
			"Id": "Part29",
			"Name": "前发"
		},
		{
			"Id": "Part86",
			"Name": "脸部按键"
		},
		{
			"Id": "Part61",
			"Name": "五官"
		},
		{
			"Id": "Part104",
			"Name": "文件夹71"
		},
		{
			"Id": "Part110",
			"Name": "脸"
		},
		{
			"Id": "Part207",
			"Name": "僵尸3"
		},
		{
			"Id": "Part48",
			"Name": "兽耳"
		},
		{
			"Id": "Part157",
			"Name": "魅魔"
		},
		{
			"Id": "Part112",
			"Name": "耳朵"
		},
		{
			"Id": "Part115",
			"Name": "校徽"
		},
		{
			"Id": "Part123",
			"Name": "文件夹46"
		},
		{
			"Id": "Part126",
			"Name": "脖子"
		},
		{
			"Id": "Part127",
			"Name": "上身"
		},
		{
			"Id": "Part180",
			"Name": "垂耳兔"
		},
		{
			"Id": "Part171",
			"Name": "裤子"
		},
		{
			"Id": "Part132",
			"Name": "裙子"
		},
		{
			"Id": "Part155",
			"Name": "手柄"
		},
		{
			"Id": "ArtMesh399_Skinning",
			"Name": "1(蒙皮)"
		},
		{
			"Id": "ArtMesh400_Skinning",
			"Name": "2(蒙皮)"
		},
		{
			"Id": "ArtMesh401_Skinning",
			"Name": "3(蒙皮)"
		},
		{
			"Id": "ArtMesh402_Skinning2",
			"Name": "图层252(蒙皮)"
		},
		{
			"Id": "ArtMesh402_Skinning",
			"Name": "图层252(蒙皮)"
		},
		{
			"Id": "ArtMesh403_Skinning",
			"Name": "1(蒙皮)"
		},
		{
			"Id": "ArtMesh404_Skinning",
			"Name": "2(蒙皮)"
		},
		{
			"Id": "ArtMesh405_Skinning",
			"Name": "3(蒙皮)"
		},
		{
			"Id": "ArtMesh406_Skinning",
			"Name": "图层124(蒙皮)"
		},
		{
			"Id": "Part137",
			"Name": "文件夹86"
		},
		{
			"Id": "Part142",
			"Name": "文件夹29"
		},
		{
			"Id": "Part143",
			"Name": "文件夹30"
		},
		{
			"Id": "Part144",
			"Name": "文件夹31"
		},
		{
			"Id": "ArtMesh474_Skinning",
			"Name": "1(蒙皮)"
		},
		{
			"Id": "ArtMesh475_Skinning",
			"Name": "2(蒙皮)"
		},
		{
			"Id": "ArtMesh476_Skinning",
			"Name": "3(蒙皮)"
		},
		{
			"Id": "ArtMesh477_Skinning",
			"Name": "图层135(蒙皮)"
		},
		{
			"Id": "ArtMesh478_Skinning",
			"Name": "图层337(蒙皮)"
		},
		{
			"Id": "ArtMesh471_Skinning",
			"Name": "图层336(蒙皮)"
		},
		{
			"Id": "ArtMesh472_Skinning",
			"Name": "图层335(蒙皮)"
		},
		{
			"Id": "ArtMesh473_Skinning",
			"Name": "图层334(蒙皮)"
		},
		{
			"Id": "ArtMesh672_Skinning2",
			"Name": "1(蒙皮)"
		},
		{
			"Id": "ArtMesh673_Skinning2",
			"Name": "2(蒙皮)"
		},
		{
			"Id": "ArtMesh674_Skinning2",
			"Name": "3(蒙皮)"
		},
		{
			"Id": "ArtMesh675_Skinning2",
			"Name": "图层240(蒙皮)"
		},
		{
			"Id": "ArtMesh676_Skinning2",
			"Name": "1(蒙皮)"
		},
		{
			"Id": "ArtMesh677_Skinning2",
			"Name": "2(蒙皮)"
		},
		{
			"Id": "ArtMesh678_Skinning2",
			"Name": "3(蒙皮)"
		},
		{
			"Id": "ArtMesh679_Skinning2",
			"Name": "图层243(蒙皮)"
		},
		{
			"Id": "ArtMesh672_Skinning",
			"Name": "1(蒙皮)"
		},
		{
			"Id": "ArtMesh673_Skinning",
			"Name": "2(蒙皮)"
		},
		{
			"Id": "ArtMesh674_Skinning",
			"Name": "3(蒙皮)"
		},
		{
			"Id": "ArtMesh675_Skinning",
			"Name": "图层240(蒙皮)"
		},
		{
			"Id": "ArtMesh676_Skinning",
			"Name": "1(蒙皮)"
		},
		{
			"Id": "ArtMesh677_Skinning",
			"Name": "2(蒙皮)"
		},
		{
			"Id": "ArtMesh678_Skinning",
			"Name": "3(蒙皮)"
		},
		{
			"Id": "ArtMesh679_Skinning",
			"Name": "图层243(蒙皮)"
		},
		{
			"Id": "Part20",
			"Name": "蝴蝶结"
		},
		{
			"Id": "Part21",
			"Name": "皇冠"
		},
		{
			"Id": "Part22",
			"Name": "恶魔角"
		},
		{
			"Id": "Part23",
			"Name": "角"
		},
		{
			"Id": "Part169",
			"Name": "荷包蛋"
		},
		{
			"Id": "Part204",
			"Name": "羽毛呆毛"
		},
		{
			"Id": "Part4",
			"Name": "呆毛1"
		},
		{
			"Id": "Part5",
			"Name": "呆毛2"
		},
		{
			"Id": "Part6",
			"Name": "呆毛3"
		},
		{
			"Id": "Part7",
			"Name": "呆毛4"
		},
		{
			"Id": "Part8",
			"Name": "呆毛5"
		},
		{
			"Id": "Part154",
			"Name": "剑眉"
		},
		{
			"Id": "Part10",
			"Name": "文件夹26"
		},
		{
			"Id": "Part11",
			"Name": "文件夹25"
		},
		{
			"Id": "Part12",
			"Name": "文件夹24"
		},
		{
			"Id": "Part191",
			"Name": "挑染2"
		},
		{
			"Id": "Part172",
			"Name": "挑染"
		},
		{
			"Id": "Part35",
			"Name": "斜刘海"
		},
		{
			"Id": "Part34",
			"Name": "默认"
		},
		{
			"Id": "Part36",
			"Name": "上翻"
		},
		{
			"Id": "Part37",
			"Name": "m字"
		},
		{
			"Id": "Part38",
			"Name": "一撮"
		},
		{
			"Id": "Part39",
			"Name": "齐刘海"
		},
		{
			"Id": "Part24",
			"Name": "发卡"
		},
		{
			"Id": "Part30",
			"Name": "鬓角"
		},
		{
			"Id": "Part40",
			"Name": "侧刘海l"
		},
		{
			"Id": "Part44",
			"Name": "侧刘海r"
		},
		{
			"Id": "Part206",
			"Name": "翘角"
		},
		{
			"Id": "Part89",
			"Name": "文件夹13"
		},
		{
			"Id": "Part199",
			"Name": "小花"
		},
		{
			"Id": "Part194",
			"Name": "眼罩"
		},
		{
			"Id": "Part87",
			"Name": "文件夹27"
		},
		{
			"Id": "Part88",
			"Name": "文件夹14"
		},
		{
			"Id": "Part97",
			"Name": "鼻子"
		},
		{
			"Id": "Part106",
			"Name": "痣"
		},
		{
			"Id": "Part210",
			"Name": "僵尸2"
		},
		{
			"Id": "Part91",
			"Name": "腮红"
		},
		{
			"Id": "Part62",
			"Name": "眼睛"
		},
		{
			"Id": "Part103",
			"Name": "嘴巴"
		},
		{
			"Id": "Part105",
			"Name": "猫嘴"
		},
		{
			"Id": "Part111",
			"Name": "脸阴影"
		},
		{
			"Id": "Part208",
			"Name": "文件夹122"
		},
		{
			"Id": "Part209",
			"Name": "文件夹123"
		},
		{
			"Id": "Part49",
			"Name": "猫耳"
		},
		{
			"Id": "Part53",
			"Name": "兔耳"
		},
		{
			"Id": "Part57",
			"Name": "熊耳"
		},
		{
			"Id": "Part173",
			"Name": "狗耳"
		},
		{
			"Id": "Part176",
			"Name": "鹿耳"
		},
		{
			"Id": "Part183",
			"Name": "鼠耳"
		},
		{
			"Id": "Part205",
			"Name": "下垂精灵耳"
		},
		{
			"Id": "Part113",
			"Name": "人耳"
		},
		{
			"Id": "Part114",
			"Name": "精灵耳"
		},
		{
			"Id": "Part192",
			"Name": "身份牌"
		},
		{
			"Id": "Part117",
			"Name": "文件夹44"
		},
		{
			"Id": "Part118",
			"Name": "文件夹43"
		},
		{
			"Id": "Part119",
			"Name": "文件夹41"
		},
		{
			"Id": "Part120",
			"Name": "文件夹40"
		},
		{
			"Id": "Part121",
			"Name": "文件夹60"
		},
		{
			"Id": "Part122",
			"Name": "文件夹39"
		},
		{
			"Id": "Part124",
			"Name": "领子"
		},
		{
			"Id": "Part125",
			"Name": "阴影"
		},
		{
			"Id": "Part128",
			"Name": "文件夹47"
		},
		{
			"Id": "Part129",
			"Name": "文件夹72"
		},
		{
			"Id": "Part130",
			"Name": "花纹"
		},
		{
			"Id": "Part131",
			"Name": "衣服"
		},
		{
			"Id": "Part181",
			"Name": "文件夹104"
		},
		{
			"Id": "Part182",
			"Name": "文件夹103"
		},
		{
			"Id": "Part214",
			"Name": "文件夹141"
		},
		{
			"Id": "Part215",
			"Name": "文件夹142"
		},
		{
			"Id": "Part216",
			"Name": "手"
		},
		{
			"Id": "Part220",
			"Name": "手柄"
		},
		{
			"Id": "Part138",
			"Name": "文件夹87"
		},
		{
			"Id": "Part139",
			"Name": "文件夹88"
		},
		{
			"Id": "ArtMesh435_Skinning",
			"Name": "1(蒙皮)"
		},
		{
			"Id": "ArtMesh436_Skinning",
			"Name": "2(蒙皮)"
		},
		{
			"Id": "ArtMesh437_Skinning",
			"Name": "3(蒙皮)"
		},
		{
			"Id": "ArtMesh438_Skinning",
			"Name": "图层225(蒙皮)"
		},
		{
			"Id": "ArtMesh439_Skinning",
			"Name": "1(蒙皮)"
		},
		{
			"Id": "ArtMesh440_Skinning",
			"Name": "2(蒙皮)"
		},
		{
			"Id": "ArtMesh441_Skinning",
			"Name": "3(蒙皮)"
		},
		{
			"Id": "ArtMesh442_Skinning",
			"Name": "图层136(蒙皮)"
		},
		{
			"Id": "ArtMesh443_Skinning",
			"Name": "1(蒙皮)"
		},
		{
			"Id": "ArtMesh444_Skinning",
			"Name": "2(蒙皮)"
		},
		{
			"Id": "ArtMesh445_Skinning",
			"Name": "3(蒙皮)"
		},
		{
			"Id": "ArtMesh446_Skinning",
			"Name": "图层226(蒙皮)"
		},
		{
			"Id": "ArtMesh447_Skinning",
			"Name": "1(蒙皮)"
		},
		{
			"Id": "ArtMesh448_Skinning",
			"Name": "2(蒙皮)"
		},
		{
			"Id": "ArtMesh449_Skinning",
			"Name": "3(蒙皮)"
		},
		{
			"Id": "ArtMesh450_Skinning",
			"Name": "图层137(蒙皮)"
		},
		{
			"Id": "Part145",
			"Name": "文件夹75"
		},
		{
			"Id": "ArtMesh455_Skinning",
			"Name": "1(蒙皮)"
		},
		{
			"Id": "ArtMesh456_Skinning",
			"Name": "2(蒙皮)"
		},
		{
			"Id": "ArtMesh457_Skinning",
			"Name": "3(蒙皮)"
		},
		{
			"Id": "ArtMesh458_Skinning",
			"Name": "图层138(蒙皮)"
		},
		{
			"Id": "Part187",
			"Name": "海星"
		},
		{
			"Id": "Part170",
			"Name": "文件夹100"
		},
		{
			"Id": "ArtMesh1108_Skinning",
			"Name": "1(蒙皮)"
		},
		{
			"Id": "ArtMesh1109_Skinning",
			"Name": "2(蒙皮)"
		},
		{
			"Id": "ArtMesh1110_Skinning",
			"Name": "3(蒙皮)"
		},
		{
			"Id": "ArtMesh1111_Skinning",
			"Name": "图层492(蒙皮)"
		},
		{
			"Id": "ArtMesh988_Skinning",
			"Name": "1(蒙皮)"
		},
		{
			"Id": "ArtMesh989_Skinning",
			"Name": "图层425(蒙皮)"
		},
		{
			"Id": "ArtMesh990_Skinning",
			"Name": "图层424(蒙皮)"
		},
		{
			"Id": "ArtMesh991_Skinning",
			"Name": "图层404(蒙皮)"
		},
		{
			"Id": "Part25",
			"Name": "文件夹82"
		},
		{
			"Id": "Part26",
			"Name": "文件夹50"
		},
		{
			"Id": "Part27",
			"Name": "文件夹49"
		},
		{
			"Id": "Part28",
			"Name": "文件夹48"
		},
		{
			"Id": "Part31",
			"Name": "弯鬓角"
		},
		{
			"Id": "Part198",
			"Name": "细鬓角"
		},
		{
			"Id": "Part32",
			"Name": "姬发"
		},
		{
			"Id": "Part41",
			"Name": "默认"
		},
		{
			"Id": "Part42",
			"Name": "m字"
		},
		{
			"Id": "Part43",
			"Name": "齐刘海"
		},
		{
			"Id": "Part45",
			"Name": "默认"
		},
		{
			"Id": "Part46",
			"Name": "m字"
		},
		{
			"Id": "Part47",
			"Name": "齐刘海边"
		},
		{
			"Id": "Part202",
			"Name": "文件夹125"
		},
		{
			"Id": "Part200",
			"Name": "文件夹127"
		},
		{
			"Id": "Part201",
			"Name": "文件夹126"
		},
		{
			"Id": "Part203",
			"Name": "文件夹124"
		},
		{
			"Id": "Part195",
			"Name": "文件夹121"
		},
		{
			"Id": "Part98",
			"Name": "点鼻"
		},
		{
			"Id": "Part99",
			"Name": "创口贴"
		},
		{
			"Id": "Part100",
			"Name": "猪猪"
		},
		{
			"Id": "Part101",
			"Name": "胶带"
		},
		{
			"Id": "Part102",
			"Name": "兽鼻"
		},
		{
			"Id": "Part107",
			"Name": "文件夹80"
		},
		{
			"Id": "Part108",
			"Name": "文件夹79"
		},
		{
			"Id": "Part109",
			"Name": "文件夹78"
		},
		{
			"Id": "Part92",
			"Name": "文件夹16"
		},
		{
			"Id": "Part93",
			"Name": "文件夹15"
		},
		{
			"Id": "Part94",
			"Name": "文件夹12"
		},
		{
			"Id": "Part95",
			"Name": "文件夹10"
		},
		{
			"Id": "Part96",
			"Name": "文件夹9"
		},
		{
			"Id": "Part63",
			"Name": "文件夹7"
		},
		{
			"Id": "Part69",
			"Name": "双眼皮"
		},
		{
			"Id": "Part81",
			"Name": "下眼按键"
		},
		{
			"Id": "Part70",
			"Name": "高光按键"
		},
		{
			"Id": "Part74",
			"Name": "瞳孔按键"
		},
		{
			"Id": "Part85",
			"Name": "文件夹8"
		},
		{
			"Id": "Part211",
			"Name": "僵尸"
		},
		{
			"Id": "Part212",
			"Name": "文件夹122"
		},
		{
			"Id": "Part213",
			"Name": "文件夹123"
		},
		{
			"Id": "Part50",
			"Name": "文件夹53"
		},
		{
			"Id": "Part51",
			"Name": "文件夹52"
		},
		{
			"Id": "Part52",
			"Name": "文件夹51"
		},
		{
			"Id": "Part54",
			"Name": "文件夹56"
		},
		{
			"Id": "Part55",
			"Name": "文件夹55"
		},
		{
			"Id": "Part56",
			"Name": "文件夹54"
		},
		{
			"Id": "Part58",
			"Name": "文件夹59"
		},
		{
			"Id": "Part59",
			"Name": "文件夹58"
		},
		{
			"Id": "Part60",
			"Name": "文件夹57"
		},
		{
			"Id": "Part174",
			"Name": "狗耳前"
		},
		{
			"Id": "Part175",
			"Name": "文件夹111"
		},
		{
			"Id": "Part177",
			"Name": "文件夹108"
		},
		{
			"Id": "Part178",
			"Name": "文件夹107"
		},
		{
			"Id": "Part179",
			"Name": "文件夹106"
		},
		{
			"Id": "Part184",
			"Name": "文件夹110"
		},
		{
			"Id": "Part185",
			"Name": "文件夹109"
		},
		{
			"Id": "Part193",
			"Name": "文件夹120"
		},
		{
			"Id": "Part217",
			"Name": "文件夹145"
		},
		{
			"Id": "Part218",
			"Name": "文件夹144"
		},
		{
			"Id": "Part219",
			"Name": "文件夹143"
		},
		{
			"Id": "Part224",
			"Name": "胶水"
		},
		{
			"Id": "Part221",
			"Name": "摇杆r"
		},
		{
			"Id": "Part226",
			"Name": "十字"
		},
		{
			"Id": "Part227",
			"Name": "按键"
		},
		{
			"Id": "Part232",
			"Name": "文件夹129"
		},
		{
			"Id": "Part235",
			"Name": "文件夹128"
		},
		{
			"Id": "Part238",
			"Name": "文件夹130"
		},
		{
			"Id": "ArtMesh419_Skinning",
			"Name": "1(蒙皮)"
		},
		{
			"Id": "ArtMesh420_Skinning",
			"Name": "2(蒙皮)"
		},
		{
			"Id": "ArtMesh421_Skinning",
			"Name": "3(蒙皮)"
		},
		{
			"Id": "ArtMesh422_Skinning",
			"Name": "图层318(蒙皮)"
		},
		{
			"Id": "ArtMesh423_Skinning",
			"Name": "1(蒙皮)"
		},
		{
			"Id": "ArtMesh424_Skinning",
			"Name": "2(蒙皮)"
		},
		{
			"Id": "ArtMesh425_Skinning",
			"Name": "3(蒙皮)"
		},
		{
			"Id": "ArtMesh426_Skinning",
			"Name": "图层314(蒙皮)"
		},
		{
			"Id": "Part140",
			"Name": "文件夹89"
		},
		{
			"Id": "ArtMesh431_Skinning",
			"Name": "1(蒙皮)"
		},
		{
			"Id": "ArtMesh432_Skinning",
			"Name": "2(蒙皮)"
		},
		{
			"Id": "ArtMesh433_Skinning",
			"Name": "3(蒙皮)"
		},
		{
			"Id": "ArtMesh434_Skinning",
			"Name": "图层316(蒙皮)"
		},
		{
			"Id": "ArtMesh451_Skinning",
			"Name": "图层230(蒙皮)"
		},
		{
			"Id": "ArtMesh452_Skinning",
			"Name": "图层229(蒙皮)"
		},
		{
			"Id": "ArtMesh453_Skinning",
			"Name": "图层228(蒙皮)"
		},
		{
			"Id": "ArtMesh454_Skinning",
			"Name": "图层227(蒙皮)"
		},
		{
			"Id": "Part188",
			"Name": "文件夹105"
		},
		{
			"Id": "Part64",
			"Name": "上睫毛按键"
		},
		{
			"Id": "Part68",
			"Name": "上眼线"
		},
		{
			"Id": "Part82",
			"Name": "文件夹19"
		},
		{
			"Id": "Part83",
			"Name": "文件夹18"
		},
		{
			"Id": "Part84",
			"Name": "文件夹17"
		},
		{
			"Id": "Part71",
			"Name": "文件夹63"
		},
		{
			"Id": "Part72",
			"Name": "文件夹62"
		},
		{
			"Id": "Part73",
			"Name": "文件夹61"
		},
		{
			"Id": "Part75",
			"Name": "文件夹74"
		},
		{
			"Id": "Part76",
			"Name": "文件夹73"
		},
		{
			"Id": "Part77",
			"Name": "文件夹70"
		},
		{
			"Id": "Part78",
			"Name": "文件夹66"
		},
		{
			"Id": "Part79",
			"Name": "文件夹65"
		},
		{
			"Id": "Part80",
			"Name": "文件夹64"
		},
		{
			"Id": "Part222",
			"Name": "文件夹149"
		},
		{
			"Id": "Part223",
			"Name": "文件夹150"
		},
		{
			"Id": "Part228",
			"Name": "文件夹140"
		},
		{
			"Id": "Part229",
			"Name": "文件夹148"
		},
		{
			"Id": "Part230",
			"Name": "文件夹147"
		},
		{
			"Id": "Part231",
			"Name": "文件夹131"
		},
		{
			"Id": "Part233",
			"Name": "文件夹152"
		},
		{
			"Id": "Part234",
			"Name": "文件夹151"
		},
		{
			"Id": "Part236",
			"Name": "文件夹154"
		},
		{
			"Id": "Part237",
			"Name": "文件夹153"
		},
		{
			"Id": "ArtMesh427_Skinning",
			"Name": "1(蒙皮)"
		},
		{
			"Id": "ArtMesh428_Skinning",
			"Name": "2(蒙皮)"
		},
		{
			"Id": "ArtMesh429_Skinning",
			"Name": "3(蒙皮)"
		},
		{
			"Id": "ArtMesh430_Skinning",
			"Name": "图层317(蒙皮)"
		},
		{
			"Id": "Part65",
			"Name": "文件夹22"
		},
		{
			"Id": "Part66",
			"Name": "文件夹21"
		},
		{
			"Id": "Part67",
			"Name": "文件夹20"
		},
		{
			"Id": "Part116",
			"Name": "文件夹45"
		}
	],
	"CombinedParameters": [
		[
			"ParamAngleX",
			"ParamAngleY"
		],
		[
			"ParamBrowLForm",
			"Param47"
		],
		[
			"ParamMouthForm",
			"ParamMouthOpenY"
		],
		[
			"Param94",
			"Param95"
		],
		[
			"Param75",
			"Param119"
		],
		[
			"Param15",
			"Param16"
		],
		[
			"Param53",
			"Param54"
		],
		[
			"Param206",
			"Param207"
		]
	]
}