{
    "Version": 1,
    "Name": "MO",
    "ModelID": "da0021cd32ee464ca41f980e8c32515b",
    "FileReferences": {
        "Icon": "C}L2HM7G{0{D6P9A`}BF@O3.png",
        "Model": "MO.model3.json",
        "IdleAnimation": "1.motion3.json",
        "IdleAnimationWhenTrackingLost": ""
    },
    "ModelSaveMetadata": {
        "LastSavedVTubeStudioVersion": "1.23.5",
        "LastSavedPlatform": "Steam",
        "LastSavedDateUTC": "Monday, 06 February 2023, 04:32:23",
        "LastSavedDateLocalTime": "Monday, 06 February 2023, 12:32:23",
        "LastSavedDateUnixMillisecondTimestamp": "1675657943709"
    },
    "SavedModelPosition": {
        "Position": {
            "x": -29.65084457397461,
            "y": -71.52092742919922,
            "z": 0.0
        },
        "Rotation": {
            "x": 0.0,
            "y": 0.0,
            "z": -9.751760459683734e-24,
            "w": 1.0
        },
        "Scale": {
            "x": 1.2690931558609009,
            "y": 1.2690931558609009,
            "z": 1.0
        }
    },
    "ModelPositionMovement": {
        "Use": false,
        "X": 6,
        "Y": 8,
        "Z": 11,
        "SmoothingX": 10,
        "SmoothingY": 10,
        "SmoothingZ": 10
    },
    "ItemSettings": {
        "OnlyMoveWhenPinned": false,
        "AllowNormalHotkeyTriggers": true,
        "Multiplier_HeadAngleX": 1.0,
        "Multiplier_HeadAngleY": 1.0,
        "Multiplier_HeadAngleZ": 1.0,
        "Shift_HeadAngleX": 0.0,
        "Shift_HeadAngleY": 0.0,
        "Smoothing_HeadAngleX": 15.0,
        "Smoothing_HeadAngleY": 15.0,
        "Smoothing_HeadAngleZ": 15.0
    },
    "PhysicsSettings": {
        "Use": true,
        "UseLegacyPhysics": false,
        "Live2DPhysicsFPS": 3,
        "PhysicsStrength": 50,
        "WindStrength": 0,
        "DraggingPhysicsStrength": 0
    },
    "GeneralSettings": {
        "TimeUntilTrackingLostIdleAnimation": 0.0,
        "WorkshopSharingForbidden": true,
        "EnableExpressionSaving": false
    },
    "ParameterSettings": [
        {
            "Folder": "",
            "Name": "Face Left/Right Rotation",
            "Input": "FaceAngleX",
            "InputRangeLower": -30.0,
            "InputRangeUpper": 30.0,
            "OutputRangeLower": -30.0,
            "OutputRangeUpper": 30.0,
            "ClampInput": false,
            "ClampOutput": false,
            "UseBlinking": false,
            "UseBreathing": false,
            "OutputLive2D": "ParamAngleX",
            "Smoothing": 15,
            "Minimized": false
        },
        {
            "Folder": "",
            "Name": "Face Up/Down Rotation",
            "Input": "FaceAngleY",
            "InputRangeLower": -20.0,
            "InputRangeUpper": 20.0,
            "OutputRangeLower": -30.0,
            "OutputRangeUpper": 30.0,
            "ClampInput": false,
            "ClampOutput": false,
            "UseBlinking": false,
            "UseBreathing": false,
            "OutputLive2D": "ParamAngleY",
            "Smoothing": 15,
            "Minimized": false
        },
        {
            "Folder": "",
            "Name": "Face Lean Rotation",
            "Input": "FaceAngleZ",
            "InputRangeLower": -25.0,
            "InputRangeUpper": 25.0,
            "OutputRangeLower": -30.0,
            "OutputRangeUpper": 30.0,
            "ClampInput": false,
            "ClampOutput": false,
            "UseBlinking": false,
            "UseBreathing": false,
            "OutputLive2D": "ParamAngleZ",
            "Smoothing": 30,
            "Minimized": false
        },
        {
            "Folder": "",
            "Name": "Brow Height Left",
            "Input": "Brows",
            "InputRangeLower": 0.20000000298023225,
            "InputRangeUpper": 0.6000000238418579,
            "OutputRangeLower": -1.0,
            "OutputRangeUpper": 1.0,
            "ClampInput": false,
            "ClampOutput": false,
            "UseBlinking": false,
            "UseBreathing": false,
            "OutputLive2D": "ParamBrowLY",
            "Smoothing": 10,
            "Minimized": false
        },
        {
            "Folder": "",
            "Name": "Brow Height Right",
            "Input": "Brows",
            "InputRangeLower": 0.20000000298023225,
            "InputRangeUpper": 0.6000000238418579,
            "OutputRangeLower": -1.0,
            "OutputRangeUpper": 1.0,
            "ClampInput": false,
            "ClampOutput": false,
            "UseBlinking": false,
            "UseBreathing": false,
            "OutputLive2D": "ParamBrowRY",
            "Smoothing": 10,
            "Minimized": false
        },
        {
            "Folder": "",
            "Name": "Brow Form Right",
            "Input": "Brows",
            "InputRangeLower": 0.10000000149011612,
            "InputRangeUpper": 0.6000000238418579,
            "OutputRangeLower": -1.0,
            "OutputRangeUpper": 1.0,
            "ClampInput": false,
            "ClampOutput": false,
            "UseBlinking": false,
            "UseBreathing": false,
            "OutputLive2D": "ParamBrowRForm",
            "Smoothing": 15,
            "Minimized": false
        },
        {
            "Folder": "",
            "Name": "Brow Form Left",
            "Input": "Brows",
            "InputRangeLower": 0.10000000149011612,
            "InputRangeUpper": 0.6000000238418579,
            "OutputRangeLower": -1.0,
            "OutputRangeUpper": 1.0,
            "ClampInput": false,
            "ClampOutput": false,
            "UseBlinking": false,
            "UseBreathing": false,
            "OutputLive2D": "ParamBrowLForm",
            "Smoothing": 15,
            "Minimized": false
        },
        {
            "Folder": "",
            "Name": "Eye Open Left",
            "Input": "EyeOpenLeft",
            "InputRangeLower": 0.0,
            "InputRangeUpper": 0.800000011920929,
            "OutputRangeLower": 0.0,
            "OutputRangeUpper": 1.899999976158142,
            "ClampInput": false,
            "ClampOutput": false,
            "UseBlinking": false,
            "UseBreathing": false,
            "OutputLive2D": "ParamEyeLOpen",
            "Smoothing": 10,
            "Minimized": false
        },
        {
            "Folder": "",
            "Name": "Eye Open Right",
            "Input": "EyeOpenRight",
            "InputRangeLower": 0.0,
            "InputRangeUpper": 0.800000011920929,
            "OutputRangeLower": 0.0,
            "OutputRangeUpper": 1.899999976158142,
            "ClampInput": false,
            "ClampOutput": false,
            "UseBlinking": false,
            "UseBreathing": false,
            "OutputLive2D": "ParamEyeROpen",
            "Smoothing": 10,
            "Minimized": false
        },
        {
            "Folder": "",
            "Name": "Eye X",
            "Input": "EyeRightX",
            "InputRangeLower": -0.800000011920929,
            "InputRangeUpper": 0.800000011920929,
            "OutputRangeLower": 1.0,
            "OutputRangeUpper": -1.0,
            "ClampInput": false,
            "ClampOutput": false,
            "UseBlinking": false,
            "UseBreathing": false,
            "OutputLive2D": "ParamEyeBallX",
            "Smoothing": 8,
            "Minimized": false
        },
        {
            "Folder": "",
            "Name": "Eye Y",
            "Input": "EyeRightY",
            "InputRangeLower": -0.800000011920929,
            "InputRangeUpper": 0.800000011920929,
            "OutputRangeLower": -1.0,
            "OutputRangeUpper": 1.0,
            "ClampInput": false,
            "ClampOutput": false,
            "UseBlinking": false,
            "UseBreathing": false,
            "OutputLive2D": "ParamEyeBallY",
            "Smoothing": 8,
            "Minimized": false
        },
        {
            "Folder": "",
            "Name": "Eye Smile Left",
            "Input": "MouthSmile",
            "InputRangeLower": 0.0,
            "InputRangeUpper": 1.0,
            "OutputRangeLower": 0.0,
            "OutputRangeUpper": 1.0,
            "ClampInput": false,
            "ClampOutput": false,
            "UseBlinking": false,
            "UseBreathing": false,
            "OutputLive2D": "ParamEyeLSmile",
            "Smoothing": 10,
            "Minimized": false
        },
        {
            "Folder": "",
            "Name": "Eye Smile Right",
            "Input": "MouthSmile",
            "InputRangeLower": 0.0,
            "InputRangeUpper": 1.0,
            "OutputRangeLower": 0.0,
            "OutputRangeUpper": 1.0,
            "ClampInput": false,
            "ClampOutput": false,
            "UseBlinking": false,
            "UseBreathing": false,
            "OutputLive2D": "ParamEyeRSmile",
            "Smoothing": 10,
            "Minimized": false
        },
        {
            "Folder": "",
            "Name": "Mouth Smile",
            "Input": "MouthSmile",
            "InputRangeLower": 0.0,
            "InputRangeUpper": 1.0,
            "OutputRangeLower": -1.0,
            "OutputRangeUpper": 1.0,
            "ClampInput": false,
            "ClampOutput": false,
            "UseBlinking": false,
            "UseBreathing": false,
            "OutputLive2D": "ParamMouthForm",
            "Smoothing": 0,
            "Minimized": false
        },
        {
            "Folder": "",
            "Name": "Mouth Open",
            "Input": "MouthOpen",
            "InputRangeLower": 0.0,
            "InputRangeUpper": 1.0,
            "OutputRangeLower": 0.0,
            "OutputRangeUpper": 2.0999999046325685,
            "ClampInput": false,
            "ClampOutput": false,
            "UseBlinking": false,
            "UseBreathing": false,
            "OutputLive2D": "ParamMouthOpenY",
            "Smoothing": 0,
            "Minimized": false
        },
        {
            "Folder": "",
            "Name": "Body Rotation X",
            "Input": "FaceAngleX",
            "InputRangeLower": -30.0,
            "InputRangeUpper": 30.0,
            "OutputRangeLower": -10.0,
            "OutputRangeUpper": 10.0,
            "ClampInput": false,
            "ClampOutput": false,
            "UseBlinking": false,
            "UseBreathing": false,
            "OutputLive2D": "ParamBodyAngleX",
            "Smoothing": 20,
            "Minimized": false
        },
        {
            "Folder": "",
            "Name": "Body Rotation Y",
            "Input": "FaceAngleY",
            "InputRangeLower": -30.0,
            "InputRangeUpper": 30.0,
            "OutputRangeLower": -10.0,
            "OutputRangeUpper": 10.0,
            "ClampInput": false,
            "ClampOutput": false,
            "UseBlinking": false,
            "UseBreathing": false,
            "OutputLive2D": "ParamBodyAngleY",
            "Smoothing": 20,
            "Minimized": false
        },
        {
            "Folder": "",
            "Name": "Body Rotation Z",
            "Input": "FaceAngleZ",
            "InputRangeLower": -30.0,
            "InputRangeUpper": 30.0,
            "OutputRangeLower": -10.0,
            "OutputRangeUpper": 10.0,
            "ClampInput": false,
            "ClampOutput": false,
            "UseBlinking": false,
            "UseBreathing": false,
            "OutputLive2D": "ParamBodyAngleZ",
            "Smoothing": 20,
            "Minimized": false
        },
        {
            "Folder": "",
            "Name": "Auto Breath",
            "Input": "",
            "InputRangeLower": 0.0,
            "InputRangeUpper": 1.0,
            "OutputRangeLower": 0.0,
            "OutputRangeUpper": 1.0,
            "ClampInput": false,
            "ClampOutput": false,
            "UseBlinking": false,
            "UseBreathing": true,
            "OutputLive2D": "ParamBreath",
            "Smoothing": 0,
            "Minimized": false
        },
        {
            "Folder": "",
            "Name": "",
            "Input": "EyeOpenLeft",
            "InputRangeLower": 0.25,
            "InputRangeUpper": 0.8999999761581421,
            "OutputRangeLower": 0.0,
            "OutputRangeUpper": 1.0,
            "ClampInput": false,
            "ClampOutput": false,
            "UseBlinking": false,
            "UseBreathing": false,
            "OutputLive2D": "Param48",
            "Smoothing": 20,
            "Minimized": false
        },
        {
            "Folder": "",
            "Name": "",
            "Input": "Brows",
            "InputRangeLower": 0.20000000298023225,
            "InputRangeUpper": 0.5,
            "OutputRangeLower": 1.0,
            "OutputRangeUpper": -1.0,
            "ClampInput": false,
            "ClampOutput": false,
            "UseBlinking": false,
            "UseBreathing": false,
            "OutputLive2D": "Param47",
            "Smoothing": 20,
            "Minimized": false
        },
        {
            "Folder": "",
            "Name": "",
            "Input": "JawOpen",
            "InputRangeLower": 0.0,
            "InputRangeUpper": 0.5,
            "OutputRangeLower": 0.0,
            "OutputRangeUpper": 1.0,
            "ClampInput": false,
            "ClampOutput": false,
            "UseBlinking": false,
            "UseBreathing": false,
            "OutputLive2D": "Param125",
            "Smoothing": 20,
            "Minimized": false
        },
        {
            "Folder": "",
            "Name": "",
            "Input": "MouthPucker",
            "InputRangeLower": -0.6000000238418579,
            "InputRangeUpper": 0.6000000238418579,
            "OutputRangeLower": -1.0,
            "OutputRangeUpper": 1.0,
            "ClampInput": false,
            "ClampOutput": false,
            "UseBlinking": false,
            "UseBreathing": false,
            "OutputLive2D": "Param123",
            "Smoothing": 20,
            "Minimized": false
        },
        {
            "Folder": "",
            "Name": "",
            "Input": "MouthPressLipOpen",
            "InputRangeLower": -0.8999999761581421,
            "InputRangeUpper": 1.2999999523162842,
            "OutputRangeLower": -1.0,
            "OutputRangeUpper": 1.0,
            "ClampInput": false,
            "ClampOutput": false,
            "UseBlinking": false,
            "UseBreathing": false,
            "OutputLive2D": "Param23",
            "Smoothing": 20,
            "Minimized": false
        },
        {
            "Folder": "",
            "Name": "",
            "Input": "MouthX",
            "InputRangeLower": -0.6000000238418579,
            "InputRangeUpper": 0.6000000238418579,
            "OutputRangeLower": -1.0,
            "OutputRangeUpper": 1.0,
            "ClampInput": false,
            "ClampOutput": false,
            "UseBlinking": false,
            "UseBreathing": false,
            "OutputLive2D": "Param122",
            "Smoothing": 20,
            "Minimized": false
        },
        {
            "Folder": "",
            "Name": "",
            "Input": "CheekPuff",
            "InputRangeLower": 0.0,
            "InputRangeUpper": 1.0,
            "OutputRangeLower": 0.0,
            "OutputRangeUpper": 1.0,
            "ClampInput": false,
            "ClampOutput": false,
            "UseBlinking": false,
            "UseBreathing": false,
            "OutputLive2D": "Param126",
            "Smoothing": 20,
            "Minimized": false
        },
        {
            "Folder": "",
            "Name": "",
            "Input": "MouthShrug",
            "InputRangeLower": 0.0,
            "InputRangeUpper": 0.6000000238418579,
            "OutputRangeLower": 0.0,
            "OutputRangeUpper": 1.0,
            "ClampInput": false,
            "ClampOutput": false,
            "UseBlinking": false,
            "UseBreathing": false,
            "OutputLive2D": "Param124",
            "Smoothing": 20,
            "Minimized": false
        }
    ],
    "Hotkeys": [],
    "HotkeySettings": {
        "UseOnScreenHotkeys": false,
        "UseKeyboardHotkeys": true,
        "SendOnScreenHotkeysToPC": true,
        "OnScreenHotkeyAlpha": 75
    },
    "ArtMeshDetails": {
        "ArtMeshesExcludedFromPinning": [],
        "ArtMeshesThatDeleteItemsOnDrop": [],
        "ArtMeshSceneLightingMultipliers": [],
        "ArtMeshMultiplyAndScreenColors": [
            {
                "ID": "ArtMesh",
                "Value": "FFFFFF|000000"
            }
        ]
    },
    "PhysicsCustomizationSettings": {
        "PhysicsMultipliersPerPhysicsGroup": [],
        "WindMultipliersPerPhysicsGroup": [],
        "DraggingPhysicsMultipliersPerPhysicsGroup": []
    },
    "FolderInfo": {
        "HotkeyFolders": [],
        "ConfigItemFolders": []
    },
    "SavedActiveExpressions": []
}