{
	"Version": 3,
	"Meta": {
		"Duration": 0.833,
		"Fps": 60.0,
		"Loop": true,
		"AreBeziersRestricted": true,
		"CurveCount": 3,
		"TotalSegmentCount": 9,
		"TotalPointCount": 18,
		"UserDataCount": 0,
		"TotalUserDataSize": 0
	},
	"Curves": [
		{
			"Target": "Parameter",
			"Id": "Param28",
			"Segments": [
				0,
				0,
				2,
				0.283,
				1,
				2,
				0.55,
				1,
				1,
				0.644,
				1,
				0.739,
				1,
				0.833,
				1
			]
		},
		{
			"Target": "Parameter",
			"Id": "Param29",
			"Segments": [
				0,
				1,
				2,
				0.283,
				0,
				2,
				0.55,
				1,
				1,
				0.644,
				1,
				0.739,
				1,
				0.833,
				1
			]
		},
		{
			"Target": "Parameter",
			"Id": "Param33",
			"Segments": [
				0,
				1,
				2,
				0.283,
				1,
				2,
				0.55,
				0,
				1,
				0.644,
				0,
				0.739,
				0,
				0.833,
				0
			]
		}
	]
}