{
	"Version": 3,
	"Meta": {
		"Duration": 0.5,
		"Fps": 60.0,
		"Loop": true,
		"AreBeziersRestricted": true,
		"CurveCount": 3,
		"TotalSegmentCount": 9,
		"TotalPointCount": 18,
		"UserDataCount": 0,
		"TotalUserDataSize": 0
	},
	"Curves": [
		{
			"Target": "Parameter",
			"Id": "Param28",
			"Segments": [
				0,
				0,
				2,
				0.167,
				1,
				2,
				0.333,
				1,
				1,
				0.389,
				1,
				0.444,
				1,
				0.5,
				1
			]
		},
		{
			"Target": "Parameter",
			"Id": "Param29",
			"Segments": [
				0,
				1,
				2,
				0.167,
				0,
				2,
				0.333,
				1,
				1,
				0.389,
				1,
				0.444,
				1,
				0.5,
				1
			]
		},
		{
			"Target": "Parameter",
			"Id": "Param33",
			"Segments": [
				0,
				1,
				2,
				0.167,
				1,
				2,
				0.333,
				0,
				1,
				0.389,
				0,
				0.444,
				0,
				0.5,
				0
			]
		}
	]
}